{"cameraMode":{"drawMode":0,"name":"Shaded","section":"Shading Mode"},"sceneLighting":true,"audioPlay":false,"sceneViewState":{"showFog":true,"showMaterialUpdate":false,"showSkybox":true,"showFlares":true,"showImageEffects":true,"showParticleSystems":true},"in2DMode":false,"pivot":{"x":26.439678192138673,"y":-12.45639419555664,"z":46.6173210144043},"rotation":{"x":0.1714951992034912,"y":0.04136497527360916,"z":-0.007207039278000593,"w":0.9842908382415772},"size":110.54393005371094,"orthographic":false}