{"cameraMode":{"drawMode":0,"name":"Shaded","section":"Shading Mode"},"sceneLighting":true,"audioPlay":false,"sceneViewState":{"showFog":true,"showMaterialUpdate":false,"showSkybox":true,"showFlares":true,"showImageEffects":true,"showParticleSystems":true},"in2DMode":false,"pivot":{"x":2.0384228229522707,"y":-6.79932975769043,"z":4.079268455505371},"rotation":{"x":-0.4216058850288391,"y":0.01822168380022049,"z":-0.00847426988184452,"w":-0.9065567851066589},"size":34.18644714355469,"orthographic":false}