{"cameraMode":{"drawMode":0,"name":"Shaded","section":"Shading Mode"},"sceneLighting":true,"audioPlay":false,"sceneViewState":{"showFog":true,"showMaterialUpdate":false,"showSkybox":true,"showFlares":true,"showImageEffects":true,"showParticleSystems":true},"in2DMode":false,"pivot":{"x":-1.4772436618804932,"y":-7.830994606018066,"z":10.099546432495118},"rotation":{"x":-0.29580897092819216,"y":-0.006593585945665836,"z":0.002041872125118971,"w":-0.9552216529846191},"size":37.03911209106445,"orthographic":false}