{"cameraMode":{"drawMode":0,"name":"Shaded","section":"Shading Mode"},"sceneLighting":false,"audioPlay":false,"sceneViewState":{"showFog":true,"showMaterialUpdate":false,"showSkybox":false,"showFlares":true,"showImageEffects":true,"showParticleSystems":true},"in2DMode":false,"pivot":{"x":-9.812027931213379,"y":-1.9506492614746094,"z":-7.242981910705566},"rotation":{"x":-0.455364853143692,"y":0.27366745471954348,"z":-0.14943744242191316,"w":-0.8339170813560486},"size":31.051359176635743,"orthographic":false}