{"cameraMode":{"drawMode":0,"name":"Shaded","section":"Shading Mode"},"sceneLighting":true,"audioPlay":false,"sceneViewState":{"showFog":true,"showMaterialUpdate":false,"showSkybox":true,"showFlares":true,"showImageEffects":true,"showParticleSystems":true},"in2DMode":false,"pivot":{"x":1.0632104873657227,"y":0.9849300384521484,"z":-3.109951972961426},"rotation":{"x":-0.12056683748960495,"y":0.8563265800476074,"z":-0.23175756633281709,"w":-0.4454854428768158},"size":20.229389190673829,"orthographic":false}