{"cameraMode":{"drawMode":0,"name":"Shaded","section":"Shading Mode"},"sceneLighting":false,"audioPlay":false,"sceneViewState":{"showFog":true,"showMaterialUpdate":false,"showSkybox":false,"showFlares":true,"showImageEffects":true,"showParticleSystems":true},"in2DMode":false,"pivot":{"x":-0.4713602066040039,"y":-0.20792365074157716,"z":0.2787356376647949},"rotation":{"x":-0.21186970174312592,"y":0.7492163181304932,"z":-0.28355592489242556,"w":-0.5598054528236389},"size":5.6285295486450199,"orthographic":false}