{"cameraMode":{"drawMode":0,"name":"Shaded","section":"Shading Mode"},"sceneLighting":false,"audioPlay":false,"sceneViewState":{"showFog":true,"showMaterialUpdate":false,"showSkybox":false,"showFlares":true,"showImageEffects":true,"showParticleSystems":true},"in2DMode":false,"pivot":{"x":5.654733657836914,"y":-1.229104995727539,"z":-5.147459030151367},"rotation":{"x":-0.18435890972614289,"y":0.7881811261177063,"z":-0.2821916937828064,"w":-0.5149272680282593},"size":16.090829849243165,"orthographic":false}