{"cameraMode":{"drawMode":0,"name":"Shaded","section":"Shading Mode"},"sceneLighting":false,"audioPlay":false,"sceneViewState":{"showFog":true,"showMaterialUpdate":false,"showSkybox":false,"showFlares":true,"showImageEffects":true,"showParticleSystems":true},"in2DMode":false,"pivot":{"x":0.13793206214904786,"y":0.4510890245437622,"z":-0.04902482032775879},"rotation":{"x":-0.21186970174312592,"y":0.7492163181304932,"z":-0.28355592489242556,"w":-0.5598054528236389},"size":11.78337287902832,"orthographic":false}