{"cameraMode":{"drawMode":0,"name":"Shaded","section":"Shading Mode"},"sceneLighting":false,"audioPlay":false,"sceneViewState":{"showFog":true,"showMaterialUpdate":false,"showSkybox":false,"showFlares":true,"showImageEffects":true,"showParticleSystems":true},"in2DMode":false,"pivot":{"x":-0.2664034366607666,"y":-0.7406764030456543,"z":-5.196040153503418},"rotation":{"x":-0.2560127377510071,"y":0.6433921456336975,"z":-0.2424021065235138,"w":-0.6795181632041931},"size":3.2638814449310304,"orthographic":false}